actual,predicted
17.860721731461943,18.8086
13.81289097314789,14.096645
21.509162494969043,20.91919
24.94943056453768,23.92492
20.041424567901018,19.950619
19.849869309400827,19.267368
18.086558195903624,17.906775
19.1020368490499,18.48829
15.756637603460806,15.680209
25.064591695787378,23.709835
21.091078930594506,19.218288
21.689107256971628,20.980545
19.31603357410597,19.294632
18.765867162222644,17.383936
20.539019992216712,20.338165
20.26669016242814,20.179129
22.182199809627917,21.775139
17.977413139062236,17.171837
22.747174910964947,21.781067
19.9842071290454,19.79045
17.001479734019313,16.899004
23.89556878283173,22.920605
17.070639228247696,15.805139
17.120973430895756,18.592705
17.120092866344677,18.100523
19.35643070295135,18.176714
17.905128605009462,18.05895
19.819697561679497,21.611534
21.871322687456754,20.074366
16.734510274445412,16.81049
16.758734267337452,18.341072
12.893372209529879,13.647529
12.23870120307979,12.344326
12.497497548420583,13.564927
16.180054808741314,15.531187
14.441288924063695,13.3431835
24.767027017728402,23.555481
20.333963918367846,22.088661
19.39292906948934,19.308704
18.204439168051678,18.880922
13.874100590320394,12.583015
16.303942000176846,17.204042
12.574071580944246,13.350376
18.093218213163688,15.868639
17.837344985733328,18.109255
14.802958272082673,14.235899
16.273101152424477,14.128689
19.29284773173739,20.096403
25.62806544717115,26.506054
12.952996972159795,13.176952
17.750170628934047,16.867168
20.64556650954442,21.067904
14.69659678073925,15.353942
21.325284047567877,19.371193
19.61288872841968,20.161573
21.143187700710634,20.931803
25.28117484098731,23.100803
21.521778120231964,22.30644
21.19029092843183,22.377361
18.921351487855468,18.319338
14.904307588333923,14.921138
19.420172353732045,18.119986
18.867452807933898,18.753046
20.830443023544756,20.497066
24.29612036675666,24.535923
18.662229786012652,19.361732
22.88943311296513,23.565344
23.195889265045956,20.756182
24.99031983719498,25.129929
23.048778807670708,21.701057
18.137507006845176,17.40343
17.663157698334718,17.628475
16.096987228819835,15.328725
15.237589954103786,16.922483
20.154672124423918,19.81704
22.16785200000484,22.668194
18.438411116482825,19.111452
21.986454782961193,22.259726
18.273220371475514,19.721739
15.002350816952378,15.610174
21.350356753379117,20.840557
22.82014480338728,21.840385
23.462404817254015,22.182524
20.12972336851125,19.825811
24.208131414712074,23.628357
22.34372458879547,23.001606
18.978373895185527,19.43232
23.350810823085087,23.788723
25.257193388148394,24.506948
15.988068485375694,17.723324
23.074076232713047,23.846918
15.197443283436066,14.825757
18.84572724898017,18.29343
21.5839000781468,19.677435
20.454771239513658,19.771294
17.546254921365392,16.658796
15.896282568806605,15.199258
18.88667251943782,19.29857
17.53581351050318,17.03119
20.38552509889707,20.635227
18.635432549927422,17.725796
16.46865904845789,17.011688
18.748198488248406,19.33095
20.402382393040753,19.284153
15.827897528714784,15.675683
18.550432812101263,17.898323
20.011339561723847,19.408747
17.97378626057605,18.838102
12.931579519618126,14.272423
16.429233570187062,15.452036
18.171481290171208,18.627579
23.401598184618557,23.916094
17.99103257734743,17.568773
17.44713054873124,14.997301
18.3712122293571,17.324806
23.35850290284166,22.949047
13.681868487462985,15.199935
23.509927730816084,21.078848
18.082939094658492,17.128906
18.24241638241341,18.48999
21.23748341828614,22.243423
13.781945447539647,14.946758
17.031401366092023,17.416542
19.376717830039954,19.479918
14.072061445555843,13.810844
12.530358096084267,13.3799515
20.250192080669333,21.12486
19.9819017667615,19.538206
21.729889649876494,21.15224
19.078129994426842,18.829857
18.629725969131492,18.609076
21.68167212254821,19.96411
14.693888814092295,13.9577875
18.257037016280126,17.260735
23.488820131960672,23.046627
19.340765750677072,17.564857
18.030283498417568,18.396696
19.351695212206142,19.45643
16.687334886701926,18.007473
13.622631666777078,14.735164
20.15194901394654,17.438337
16.20123017065314,14.8018055
22.3730293724182,23.141432
19.828179844855498,20.399788
17.782607725207498,16.273504
17.063644077806643,18.272999
23.361324255610675,23.42746
16.7591511136131,16.61162
12.297616024208311,12.363756
19.330181940896832,22.088327
21.64691392525175,20.228273
13.13472352423289,14.407179
20.462775726470024,20.53556
21.34395407586433,21.320343
11.334120500758797,11.111213
15.63242927823579,15.676632
22.151973466534034,21.456074
22.210050027235894,23.000778
19.45236959864402,19.742243
15.623341908746019,16.419107
21.17565841375517,19.208687
23.113320495193616,23.56847
17.943564715205067,17.821274
14.280731756226592,14.097557
17.75786566580542,15.814396
14.713445573024238,13.882069
21.254076427664803,20.547459
23.459776320876415,21.403889
14.836529113879006,12.434716
20.688143856703398,20.402288
14.997592035073271,15.43232
21.101576752848832,20.201227
24.392339762615016,22.83149
13.035211468410905,13.909446
23.70673265479084,21.902132
23.6746603249035,22.454699
15.870740616178281,15.5859785
14.642448996653275,12.942879
17.918299368211354,18.691832
19.585440667817284,21.824015
22.617276693201507,23.047348
19.18744054125004,18.865097
16.233610314241023,15.9610195
20.659366981450976,20.032524
16.752773944761014,16.028675
16.504119660234938,16.163015
21.425482807057087,20.536257
19.643184566900338,19.421354
22.52507267475388,22.44531
17.373884452280627,18.858587
21.781419964254287,21.52596
22.087758604088386,23.05123
19.374190738846185,18.432047
14.436760517601533,13.36443
17.5906666547205,18.052767
16.711718922647403,18.259756
11.798030571204585,13.973254
22.89509715102088,22.160177
20.595545754718838,22.593534
17.73508916089696,15.897358
18.78394979108487,18.623453
17.93325240736094,16.958395
17.597217882070776,17.297884
15.224493215008904,14.15176
22.89009937869776,23.083948
19.159518075270878,20.217281
23.228569012043284,22.769077
16.668304821344684,16.651035
22.319656810102575,23.755424
19.788331997002,19.500769
20.50377670989486,21.701302
24.732636698786877,23.75283
15.96318386287834,16.829926
22.12394852935217,22.761063
20.333504038014382,20.450087
15.922934796860075,15.70132
14.92559868883271,15.79272
20.858512256007714,21.433018
18.18077805404095,19.104412
13.95265104722926,13.852138
22.277869303377813,23.38185
17.0877905444826,16.552235
18.586059031373214,18.93187
13.773209812914514,15.427437
19.92626764362909,19.734758
16.35291948462784,15.235331
17.80905262236206,19.104069
18.681917447168043,16.734835
17.411145114642444,17.116182
11.387475784187314,12.464431
16.844356164448335,19.160275
19.505313804409116,18.136847
19.014580628468764,19.875084
19.794427652639197,19.099176
13.834874986390565,15.187161
21.9802542552656,22.659878
17.183523812930012,15.557544
21.975108424642823,22.662775
22.540954291808358,22.614061
22.078743731585536,20.081297
24.71156558512439,24.303408
23.31117389136228,23.76979
21.950207244770137,22.516024
21.390307492070715,21.659092
20.495313283219545,20.095222
16.28622992952522,15.358656
15.245135486067838,12.793246
18.626416587987983,19.197037
24.67287700241531,22.63715
14.0795850295143,14.665421
15.658823685221583,16.228497
17.595005192823866,16.55439
24.11559394198641,23.295626
9.239656232460973,10.877876
21.908155863427694,21.217949
19.743338435272122,19.415455
16.188208849335922,15.689675
26.138014485098488,23.078846
23.11169971870337,23.1358
15.255272348024167,16.921316
22.837797539594153,21.275541
22.37501564158796,22.148935
16.5382837256752,16.127033
18.276440071512464,18.285927
19.178982210964563,19.77696
15.915692600947006,14.605135
15.090501219838286,13.821593
18.471888003164388,18.539871
17.480115295850453,18.484766
18.695148391040686,19.18146
14.417031316862513,13.72288
20.458244348045294,20.753695
17.78567388838742,17.749954
17.025755642676888,16.81276
25.456378985204633,24.61932
15.505772161877168,15.145747
21.460188052450043,21.43994
17.749829363566526,18.619474
12.481368865362557,13.733933
19.66845867235852,20.005169
22.422941911423063,22.892458
19.54075175611786,21.564102
21.341347815474776,21.256739
20.173794920715512,18.725012
21.744660800270342,21.3949
19.075532542524808,18.460232
16.603312437740545,17.933475
20.682537057801227,20.176157
18.84024095226682,19.971207
24.780513657775742,23.509247
17.764416294389928,17.303114
21.36315645816361,21.623295
17.18952177510614,16.452839
25.16863719982841,23.896585
24.02937854669091,23.025583
19.44360327772599,20.860325
20.09816699585844,19.9392
20.46462597124932,22.88951
25.528630845825536,23.550434
19.95575895451589,21.46656
13.550551672375489,14.856294
17.64266466599579,18.449862
18.883074389141193,18.42344
20.08596195254028,20.860006
12.43835988424025,12.167068
20.485021618590185,21.122229
15.779786701330837,16.341455
17.193998848280682,19.15422
17.113807847720597,16.927345
24.59102782160598,23.211878
16.43967896285445,15.897182
18.21093367281148,19.169323
13.76584956908997,12.7711
24.034907953553382,22.646526
20.286112670563153,21.218596
19.858581169794988,20.287958
20.390925919567415,19.372955
22.028470846667616,20.627113
23.646778892992685,23.971085
23.31085989788377,23.297625
14.698978457362124,14.779751
17.63036638184396,17.19229
21.1556926216912,20.637354
18.495074386715885,17.444546
13.481345795137159,13.433006
12.20968950845139,12.787491
20.12505935046635,20.339752
22.048935093825275,20.855679
16.197192379672238,16.687752
14.848633083926503,15.329847
16.736969590173285,16.203527
20.694655266541805,19.975033
19.31058772904279,19.590868
21.631396942146434,21.641035
21.18797040839977,21.4711
20.599424160111337,20.463203
16.48461459080027,17.732327
18.162478012257683,19.632376
14.43864232723625,14.9983425
13.497836888590758,13.270369
19.999342342271298,21.384563
15.915667832364218,15.552409
22.69673669356395,22.899061
22.20048171470658,20.95381
20.25635062601369,20.679304
15.950123334524385,17.929928
18.267180190329686,18.949091
14.825872770077506,15.397728
18.968543217916338,18.320507
21.041587464556564,22.37232
20.39438297659485,20.979883
17.3713920286024,18.237629
23.368695030675436,22.545948
15.061033508373294,14.73407
24.07858155896007,22.669783
18.47121685966788,18.77626
21.797816766437165,22.20808
16.647176763554015,16.43149
16.26897026436218,15.217285
18.731348084581207,18.280115
20.098668814790855,20.598324
12.033396932003031,13.874755
17.857302465381494,17.350035
22.941232092854307,22.446732
15.06830350185847,16.107672
18.676755876972646,18.402752
14.617539401907187,13.686161
19.774454759480395,20.516333
21.160719734159994,20.486572
21.043655338626564,20.568825
19.560041871147376,21.046146
17.645204980457162,17.128475
18.17022784498991,18.572601
21.570801911024404,20.938593
25.21639664050504,24.189905
18.913000316801057,21.304749
18.738090664077188,17.161003
24.747797647340214,23.674353
22.67468835020824,21.85422
13.433504487469309,15.109647
12.985731995684722,12.470928
24.433196510665407,24.367113
21.193690335092406,22.435705
13.185951075416495,12.989864
21.08990988932429,22.408463
15.593285704566945,13.369326
16.115273443327627,16.153053
23.42852199587368,22.873775
15.884202141356038,16.466774
16.7378324746115,14.862751
21.814128641194678,19.900932
16.27758169030613,15.924727
22.440056797861423,21.605494
18.87942961889858,20.100489
17.089197885565323,18.090075
14.331064913104916,14.474704
16.369639075146274,16.1322
17.20979911895941,16.395702
17.487579744372812,16.234592
20.46544077989191,19.92303
24.062430034189706,23.991722
19.524688060041164,20.556892
17.518695143702764,16.708761
21.67357303930154,21.553623
14.647672793005095,14.828395
12.833855341101588,11.770556
19.424844007144472,20.0212
13.578907495187243,14.1864195
21.716809174732095,23.027214
17.340951396414013,15.813719
14.16971056680541,15.843522
23.56902360077751,22.206644
18.694601192819615,19.987703
13.989543827147651,13.182264
16.05146869881465,16.687328
21.081660390690217,23.093489
23.739844123963476,23.523401
16.805917534563886,16.206438
18.885528969355626,20.325575
22.27947695612728,21.533379
15.182579769403375,16.49676
15.439670526109037,16.505394
19.22532749387157,19.547398
18.903736462754875,20.821438
19.464704857966897,19.728949
15.043536549031735,15.840367
17.547826243128245,16.79675
24.263211275295948,23.682981
20.255941491814536,20.22908
20.883255429881505,21.795084
16.221496154651632,16.428846
19.870599241414897,20.415405
24.473179100053386,24.349424
14.233885814240685,15.7519455
16.332694082516,16.771109
16.582184455662766,15.644359
18.085967123969684,18.299217
16.40548218764116,15.892871
18.41340982429706,18.505415
15.321065428241496,15.737517
14.253680519151088,13.799078
20.327477157910582,19.353502
23.50617070298388,23.486578
21.169582155991726,19.707464
17.09605058001728,17.872519
22.091520898124337,20.00968
16.44597723178068,16.945944
13.513929112674559,14.158379
19.65671343458142,21.071402
17.232587433712776,17.174753
12.70067480062952,12.530185
15.46747762753173,15.333756
12.232208389047365,13.006884
14.420038441795723,15.294279
23.207118503874522,22.59674
20.191376464480808,19.247362
17.12632644633017,16.84819
16.463096963126763,16.610163
18.749145058430237,20.027813
19.340188768863783,19.630663
13.881902823388423,15.44287
21.383753738273505,21.82737
18.676306931467387,19.296455
23.117827591922584,23.053196
15.66730431749582,15.099613
21.323556818750838,19.721663
18.921756463639362,17.302895
14.369260796284129,14.317017
11.998805699552705,11.103771
21.49900953010928,22.492401
14.64672758879106,14.217473
23.021181449807123,21.863535
17.507443234857643,16.542328
25.19920770720294,23.441187
20.467712477507064,19.313265
18.9130849644189,19.172693
23.08385632977661,22.71703
16.174037810654664,15.773102
18.293723085842736,18.724487
16.72346136375305,17.12805
19.269270501392718,19.95766
11.635986790311083,12.311929
19.753714116150693,20.111675
9.566420834461608,10.654923
21.136477863853717,22.281572
12.778318992400642,14.607576
22.592503880222782,21.387693
23.3668378968241,22.95636
13.867823900789533,14.672305
15.546651982848703,16.588217
13.878636197372064,15.165927
24.037283394493016,22.606861
21.236009055604484,22.292978
17.66663625679842,18.185686
17.55263652445181,17.692616
15.30758196344155,13.841892
18.67271915177965,18.098307
18.633671453903762,19.065914
17.342761520303686,15.985943
15.59891079612904,14.928241
12.576525062235426,14.801115
18.5377131541879,17.7993
24.12630397019537,22.244154
16.514476680634623,13.965251
14.941708153290147,14.971002
13.775807575157577,14.024323
18.14342839337672,19.216387
19.27906151828443,18.416208
21.89024129035301,22.77268
24.851148149516273,24.274565
17.41913392379772,16.942286
19.43270919379672,20.191994
13.144724108775138,12.467866
13.651815671729297,13.648569
19.874861959687045,20.89507
16.70518391183878,14.573779
21.494197846230644,21.488714
20.286599060070692,20.71035
22.888481570201055,22.878538
18.70912172535948,17.820684
16.890526402443676,14.149356
16.07621541729215,18.97927
19.73096381954614,19.841982
17.9682218039615,17.23339
19.502807261248826,19.094212
23.074048926140797,22.79473
17.6666869139053,16.978943
16.38868651318565,16.648466
19.332995962231852,19.417326
21.261023247825356,21.33212
16.7501586387778,16.237864
16.22578545391144,15.781168
20.882596586427216,20.91031
19.826654819840392,19.72796
12.59074293139572,14.467477
17.877620603359063,18.136242
14.935561041190338,15.977372
15.544440895817491,13.665696
19.672259997245483,20.642551
21.891716966488698,20.82607
25.63779498013044,24.924383
18.32526699025445,18.315727
20.05528958903845,20.675228
16.892358739468413,17.442635
23.70684310817174,24.200226
16.409697507663545,16.255077
21.671954618754167,22.139505
21.744929086753995,21.945831
13.310221508622563,14.0372715
19.036730066172012,18.57086
17.224260061499127,17.142576
17.86853509929316,16.499233
17.847167831529767,17.771654
20.54236636565555,21.807653
19.073760823764186,20.055433
22.675354847014248,23.56839
19.757320797008845,20.487053
23.133697669787953,22.700632
16.11009323220155,14.850954
20.939895188507222,20.390219
18.709506497163282,20.096483
21.664958104464983,19.186373
18.144523619987176,17.342524
21.65395383191294,22.892607
21.659214023779494,21.417982
17.429517818544703,17.878576
17.333782815193267,16.864298
26.782739420863685,25.799763
17.76322827460587,16.57108
16.684017437924076,17.449669
17.86136443919866,18.92091
16.70343378475894,14.412044
15.969031695750276,15.4741535
13.243401269009262,15.021425
19.046324442990304,18.638388
17.28572224894414,16.290503
18.618209165770974,16.406338
22.468335366410077,20.601849
15.142724563786933,15.190953
15.365118309064401,15.856292
21.21506580124688,21.581575
19.43278130654332,20.442423
13.88651368369068,12.508007
15.17408840993995,13.785289
18.087997168231375,19.682142
18.098829149135007,17.92942
19.16273818082589,21.144804
19.164366650553568,19.920275
20.20080487670877,21.22917
22.299779445075423,22.338804
18.684349858234096,17.677032
19.553667080411074,19.496603
17.990828903808836,16.77368
12.33795265800996,13.511795
16.89521064365499,16.076977
15.305686578643261,16.377844
18.575065856932294,18.280792
11.492482622251138,13.303041
18.328441494040664,17.02431
18.277147979307305,17.389782
20.126550512177662,18.989693
13.911271326079381,13.216613
15.609453446407954,15.213468
15.98566026224756,16.22883
23.123400595507643,23.912462
16.651119886181363,18.429764
18.912154190795547,17.25467
20.070807963935604,20.529736
20.488974211637633,19.065523
16.414053260348336,17.60155
16.079177836528874,15.482634
19.556469052875663,21.20818
16.548886612605624,16.472176
14.94983433508474,15.238577
12.733647956501786,12.594988
16.417425249496148,17.188156
16.427006779917487,18.503908
17.016142781038372,17.401659
17.022617961753554,16.99569
15.25482302536607,15.565736
19.189527727580774,19.872343
17.578391971746765,17.98787
14.204697411562003,13.338865
21.819341467945527,21.04833
17.836353733201257,17.019836
17.964929571802234,18.34565
15.353506056275522,14.500319
16.930841504228166,17.684286
14.999323096469945,15.464388
14.501697284190577,14.676551
17.678158481380176,16.989851
23.751028798636916,23.80239
18.027044205974185,18.164642
21.658400191842578,21.28237
17.897861036559654,17.154234
18.759315537543607,17.615166
20.835894903266407,21.513832
13.164912407816034,13.78026
20.955974908618096,21.71775
17.295869312415974,18.057312
23.724859451335814,23.070312
18.1248891555246,18.450615
22.48349914162068,22.384466
20.74657488599666,19.696386
21.35237545654312,20.368513
12.9960189214755,13.7306385
24.931001975598402,24.210913
23.013302111936902,21.436678
16.414707322508775,16.699003
23.64704517813849,24.064651
14.809724769773371,13.465621
20.82877178019188,20.0584
20.656538927108766,20.23096
19.270752761799706,20.830246
24.43521885102806,25.081226
15.67714956811468,14.612371
13.904742134608387,13.839899
19.689575742364266,20.96405
13.383067633219321,12.375423
20.54067634041191,20.059662
26.09040843287855,25.58016
16.729027171350644,16.323343
21.34916369035042,22.409058
15.134604365100522,16.394367
24.783331497954478,24.08286
18.754306995770403,18.23426
24.370869921493856,23.38823
15.135068885048494,15.44097
18.48814541518217,19.315186
11.896815650876185,13.385776
24.910798118060608,23.568935
13.600347329213658,13.07683
19.9474462450958,19.306156
11.010756279527293,12.365001
12.060360560785307,12.24619
18.493755809100914,19.587914
20.958854876146017,20.387434
17.14048838727093,16.061962
26.29787138646425,24.034288
24.643348161162937,23.342592
18.84797186364322,19.108833
20.94866724574606,19.119947
14.707296448239417,14.081381
19.61645392376013,18.877317
16.836705111082274,16.743242
19.26621190723804,19.674543
13.770498626321665,13.193331
22.139853660422407,23.597725
15.48439308605886,15.498417
10.02494123564352,11.524222
16.500473621310135,15.679572
16.3451347267973,15.574194
16.237607846052345,16.499508
20.854521163385687,21.722172
21.91112427123527,22.438086
24.13809692086684,22.779661
24.910517278831385,23.640516
19.359455119619042,19.239017
24.41527314466851,23.408112
20.15002018264253,21.033434
22.978574336100696,22.315632
17.045062713316607,17.21278
16.05741035597802,16.17086
12.787318749172757,13.536836
16.315038031899956,16.46065
14.838501951494877,15.651792
23.52641455780932,21.947426
18.291274237591754,17.576021
21.54465473405352,21.151047
22.025325065984564,22.993795
15.10601954908556,15.376868
14.135101979942464,14.357513
18.66398707463502,19.566425
19.862178170336072,19.611685
14.304736505103044,14.062241
13.73126944680752,14.33143
19.798331313354208,18.079523
18.016197850205558,16.631739
18.260663098971524,18.048073
20.202273768022284,20.80943
20.795763822724723,20.345667
20.566760927203795,19.40405
19.323655164072605,19.304716
13.260566920500594,12.613085
15.001718968531357,15.039982
17.53650798558785,19.42223
14.832766721831643,13.35698
21.684503423662292,22.507494
21.72709711011829,20.416777
18.69104642399265,18.235855
22.609284987174803,23.148657
12.314062083885439,13.285054
18.487632101088828,17.289257
17.932214562760596,16.854996
14.368552801609498,13.783899
13.944143945199237,15.112838
15.41975012507659,15.354967
16.225894641037907,15.532842
14.144169803427168,14.271925
22.52095503729423,21.892538
16.379287680590537,17.30761
12.441840798976116,11.333452
17.171771557204575,15.492961
23.769215664292403,23.808146
13.812050991948928,15.21085
18.809213285762375,21.18179
23.348169076453797,22.274805
18.107162034927697,16.370375
19.376294046383904,19.559069
19.283446984727252,19.891668
15.831530662856245,17.575357
13.924372720972988,15.141799
21.400627628140008,20.33026
16.579516057808444,17.471344
18.323912712912744,16.683268
23.378273177613842,25.334982
18.78459456430036,18.90216
14.18762368669356,15.095197
17.38449597627125,17.118326
20.544079759765363,21.687286
22.09243588376342,24.080126
13.940190560998825,14.073581
15.387195779090177,16.406591
13.64299189219624,13.159762
13.546491129120342,14.08113
23.419600666485028,23.41553
18.00653351110755,18.737099
18.896766971384242,18.310364
17.955012909036277,16.743017
11.571462636696317,12.617278
17.127405696346614,17.852837
14.868550032502887,13.501685
23.19376576453151,22.169722
16.741344211171896,13.071696
15.461249275023562,14.933979
16.918203119292954,16.227722
18.17698162147939,18.502098
13.08879642311829,13.152574
15.537908638703644,15.169186
16.548936015500576,16.221306
21.018703902025468,19.92181
14.375651530546957,14.178353
21.860863378570468,23.222519
18.826603801200974,18.164686
22.304666340827474,22.983582
15.745906641606082,15.764846
17.44762698284615,16.12885
18.703966110920245,18.14059
17.216013605206815,17.063566
22.772587687927157,21.346111
23.295981629384254,21.392899
16.770270166636482,17.222446
13.829685324515275,13.485627
15.063302453529218,15.342603
20.774969834483745,18.573627
17.205998168728303,15.581387
13.74721001087494,12.918174
16.254262105118375,17.980732
14.687401079345799,13.790289
19.3265295654856,19.535624
12.784992709123774,12.523668
13.76086722220337,12.520664
20.86827633339765,20.909492
21.857211159899993,23.068802
16.660122701154172,15.364937
22.71986219407244,22.12387
20.99224833801369,19.847044
17.690254709103467,17.659079
14.598672429051966,15.689561
13.677699052416934,15.058744
15.214743791762684,15.228074
21.3084102009785,20.802792
21.46679591550566,21.664267
23.198001954208692,22.321527
22.065694235958937,21.66831
24.915246041971038,22.86441
17.125023454738102,17.696264
24.42032498019681,24.422598
16.629515924676884,16.653809
20.675938923635194,19.858732
15.911160766511696,16.3394
19.10155631056286,19.864075
20.673045065023135,19.751457
23.723557023826615,22.857859
17.057538759606754,18.155603
15.270302178550049,15.568589
24.431584364929815,24.635622
16.769632688637714,17.119972
20.707921968395805,21.736526
14.300832161285811,14.447453
22.241148369344035,22.101665
20.18897173250178,18.42106
16.55043675696656,17.153704
18.325142767114805,17.461676
17.79607840514791,18.731863
16.883552655515107,17.740486
19.95722960363969,20.395046
16.73110005085489,15.933346
18.983587035449226,18.68146
12.985093477453589,13.738539
16.04741861534651,17.05399
16.067213264555136,16.407475
13.800419133308163,13.912852
15.108574559250753,14.710605
21.329815374491183,21.084312
16.097095903967105,14.567504
16.079854188077864,15.368837
16.464543185957115,15.055869
15.655235387713807,14.953221
14.929285203013754,14.766521
24.363617534757715,24.20257
14.718656080973755,15.164912
17.731907635579773,16.599665
18.39034561293791,17.80519
18.550039106304148,19.557144
21.136269746654882,21.16687
20.4830319085721,21.2709
17.763724947259604,16.950348
19.32851737009474,19.101124
20.91548716958694,21.3983
18.01551893278963,18.817444
19.83871425100576,18.042896
24.828972221818564,23.41088
23.920278286505493,22.796448
16.34214063988048,17.788355
15.900789090742219,16.654072
18.03651014895249,18.282282
12.992465223578261,12.691368
19.07892620866552,19.24745
18.311417685807253,19.032183
22.12058334320444,22.369751
20.441919457350817,21.203878
12.342592982724558,12.483371
17.504999426421655,17.20773
20.71035301280247,18.157644
21.87285556801762,19.974762
15.070035480680762,16.388723
15.974722875169181,13.755519
13.491262300086918,13.929622
17.100053627500532,17.264666
15.229497843271517,14.728072
14.666695051893699,14.456611
15.613425502037435,14.405735
16.071915609718776,16.801117
17.81506383520322,18.169718
19.175165870153478,20.042528
21.735128832247103,20.302563
17.7677223859172,17.347761
15.38179287175155,16.573284
19.970225153413026,18.972193
17.819553579445532,16.448267
15.301647399978838,14.883708
21.632001028681362,20.121267
15.659073726492368,16.918085
17.525174486721802,17.384598
20.600386170894748,20.478804
17.164830890035066,18.087603
16.906404829205826,16.95065
14.112607927870481,15.401026
15.520399625460316,15.201801
19.463809217059705,21.074606
23.170274298207648,22.113544
17.858785287680387,18.553019
23.012146387260035,24.082184
16.3796833259908,15.671055
22.479603468006804,22.309086
18.69317856328533,18.818611
18.170334668927474,16.38622
17.21760120724809,17.036875
13.347057008737812,14.707808
18.91657561450572,18.909454
18.92696691022969,20.048445
21.34394116733182,20.701927
23.826600905353978,24.214611
20.424118104328276,19.677555
17.502080913357673,16.831316
23.3922464134999,22.375528
20.759751272065255,19.683012
16.933357347628203,18.216188
18.515982389515433,19.531221
17.7638068679339,17.433456
16.08700903021916,15.366472
24.890476227312316,23.943834
24.962925482340403,23.886227
17.21890497272726,16.65209
21.522161020391394,21.233849
16.866368613164266,16.310698
22.09451874707788,22.301828
17.057874753612573,17.586851
16.099499867952886,15.186941
17.44041270186252,17.81516
23.10277467484414,22.415016
22.825697060081776,22.016777
14.426034040353017,14.357629
20.475630654594877,19.700073
22.027082405351095,21.357882
17.710654320502126,16.766024
19.891739301674697,17.654865
18.109912972009823,16.714233
20.25665689397098,19.844563
21.355682250618145,20.917059
21.91673869140959,20.80005
21.947136516874835,22.614573
14.751237865792582,15.877757
18.695757137730048,18.47903
25.14375656174647,25.54402
25.050469176063025,22.492964
20.125268196542525,21.12925
14.937487898243287,14.573322
22.199061834299624,22.418547
23.792684699166877,22.52903
19.197432431319488,18.81219
20.543624074400018,19.211397
14.968483267530237,13.631902
21.453768096890663,22.075071
22.903825580352233,22.042847
20.055570039034563,16.378876
25.95105610789364,25.70291
19.710257623940144,18.990755
16.275653529815255,15.294216
19.832997081742796,20.127449
18.17677401614291,18.427496
16.646783814701955,15.204588
24.682019053136862,24.542871
23.28284097771657,22.685537
19.17046259023603,21.126781
17.363805874233293,17.032026
13.020658832245742,11.678517
15.027938756084298,14.975679
17.822782601055025,16.588646
14.976485263788758,14.137801
19.280799561095453,17.77168
13.062133632229106,12.113313
19.0381017149897,18.93494
25.693185987561247,24.310684
21.28503412268932,21.636469
17.803118583869907,19.355251
19.000724402549146,19.418062
19.73069330068584,20.431086
14.617188267325258,14.080424
20.507406623808446,21.66412
22.027074833593314,21.836044
15.561540784942775,15.230873
18.383914064006433,20.383543
19.571550954250505,19.606829
17.216351784239546,18.641893
18.38403031631196,17.759127
21.727964322853982,21.631826
12.327406354233775,13.513977
21.694744579038744,22.39303
21.360865532965335,21.987988
20.440353481589803,19.41615
21.269695736147742,18.64048
17.948482481371443,17.121235
21.873417953065946,23.06864
27.04270664545407,25.26672
25.63958070865362,24.240953
17.2320497826525,18.17327
18.28502602604229,17.714478
23.374516864066518,24.23491
14.24059391139187,12.992935
21.947411726443487,21.067396
16.34157237484114,16.273573
16.126373561699143,16.210342
16.412521553496585,17.736753
21.354419693901356,21.489603
21.62543504833748,22.16059
23.09711794952634,22.581465
26.218290633391177,24.12166
17.458284299425642,18.318867
20.747098402452547,21.274431
14.480916833429735,14.537347
12.361044818712177,12.58306
24.267237749749736,25.12419
23.997707946078368,23.79135
22.172819109182342,23.682322
15.178846886465688,13.094456
20.232293878516888,18.670921
17.456176821206746,17.405985
23.6263343801223,22.164434
18.283702226043673,19.850246
22.134525938406107,22.284914
13.803700724217174,13.062617
17.295147312481305,16.575218
14.51066803211301,15.724766
15.366707488655752,16.4567
17.377204885810425,16.739397
13.93629194819556,13.124973
15.899011707185602,14.009902
22.976619965356857,21.162502
14.001206806165134,13.667742
20.741078829640646,18.66433
17.032410608605456,16.943245
19.592345346319412,19.584589
10.730241590117858,11.997491
21.55361222191544,19.22948
19.275236834963557,20.3036
18.877960347176305,18.49602
11.202430353502256,12.140262
17.018490955237326,16.784685
20.551684220856682,20.145805
13.409854641000551,14.476259
22.42555955560746,21.739086
14.83580516021635,16.551031
20.54698856704325,20.463415
18.584365306491872,19.643593
19.919323330417402,19.097692
16.3765333925274,17.481594
16.626868224559303,16.528652
16.567483786240334,16.595667
20.499868979202468,20.434637
18.795306173133422,19.725233
23.91341468768988,22.12903
19.847414097254504,18.481071
20.062926834138022,20.190704
14.83575628797645,14.946046
13.457424604979343,13.534228
17.934206039834457,17.833324
15.380476298516832,13.895367
18.61955796017636,18.859106
12.964044652407292,11.609981
13.923094440141622,15.535558
16.41218268483236,17.68963
18.40820776751783,18.67658
16.815797692033378,16.778364
22.912011930267056,22.2968
18.447395506975486,17.521782
19.843378002043103,20.126799
18.180119201617853,18.663866
22.744785617052546,22.775204
18.22666225811887,17.154016
19.30249666852811,20.118732
23.25949075630566,23.674894
11.466254811676988,11.038044
17.938502997944333,17.78366
14.217355401956604,14.252961
17.18401047528516,16.923206
16.34124345943029,16.9263
22.951893526517,23.140953
13.671102590890476,13.885331
13.89051438785123,12.853046
17.487435350162748,17.916895
12.53998589554376,13.98891
19.922772764813004,20.345638
16.51181848816949,18.858212
12.451163789003612,14.391237
16.527973864126913,14.926601
18.19912564329519,17.5135
13.345297492546553,14.053821
12.948391896606145,13.526509
17.602112499572012,17.465014
13.26152432515558,15.308285
18.53190121378639,17.293844
23.460826546546294,21.79729
20.321665758772422,21.931961
15.31179448238121,16.476715
15.609015397232724,14.206873
14.845823362494455,14.090305
19.473185328965602,20.560028
20.127491253953533,19.746437
16.739804795876363,16.868078
13.590332793425965,13.45125
20.323955422294688,21.18642
22.639505327868573,21.37355
17.45095917923118,19.036392
16.836904231195895,15.5120325
15.937458245600808,16.53735
23.1005928556705,22.855047
20.740261248357935,21.633093
17.22330610034316,16.972038
26.14625300122579,25.276566
13.403537843594659,13.1532135
17.581352351336925,19.224344
21.868389569314242,21.174353
20.673687313634712,20.66838
21.514592209494158,21.776007
16.281098930488987,14.253392
22.44166217493023,22.10967
24.772151781262902,25.656488
22.42858816156937,21.392729
20.05015381915972,20.042915
14.199454411644867,14.84401
18.55329318517298,20.330513
20.387748372168623,19.063314
22.713277826967328,23.79271
15.304220121823546,16.11724
23.0399642948969,23.014963
14.699925598844521,14.07971
16.07279132409091,16.91792
22.387698202568544,22.413338
24.037892522577625,25.205992
16.42806087761431,15.9216585
14.984245154558183,14.960673
12.289567693197812,12.387342
22.5497420450219,21.827856
18.856555922426885,17.197863
19.67100836330615,19.494238
21.115157395069488,21.861069
15.170943797746958,13.796793
16.33284011491338,15.743526
14.589777269420557,15.166574
16.706728914943326,17.838167
22.041178258938736,22.530909
20.76400861814304,19.118223
13.647386713207283,13.763956
20.256362236710064,19.680054
18.040437467585974,17.546556
20.16593408065697,20.359396
17.538759890802947,16.849388
19.76147216433261,20.958525
20.26118650532433,20.526371
20.81988139620932,20.928015
16.347793173462318,17.594034
19.06834597099258,18.89873
16.486217760967865,17.024899
16.59188460113988,16.203661
19.091958751873737,20.153088
10.71495719320154,12.579652
14.994600129019878,16.226574
21.39693451997659,22.007347
20.259615930269568,18.86511
16.402378752664564,16.81569
22.42616900979793,21.594183
18.766948466745923,18.896109
17.331438111927636,17.1576
13.360903307054775,13.154296
18.637760420099397,18.689442
25.104941314683156,23.885601
17.984430325647676,17.666046
14.121865256621488,14.085717
18.736190614101822,18.898983
13.703394820966421,12.304361
21.76906187939592,22.380974
16.14700628195932,15.824369
17.27332728964218,16.603905
20.225041216722413,19.9468
13.797669085086524,12.522655
19.999383031825257,19.578255
15.0638799542654,17.252022
14.502605100026795,13.213845
16.40140812579326,18.720129
18.506092616255284,19.445263
18.9998391442443,19.516039
17.040345305007346,17.770601
14.927492581119127,15.501433
17.808184578413808,15.080948
19.68969903551301,21.12456
18.589280078509418,19.312515
14.734789804344844,15.789972
23.521623559397092,21.990099
20.395891730997743,20.858454
14.810541976958069,13.487172
16.9884354961784,16.88648
15.633725022912872,13.724323
19.890641907118216,20.900251
16.72524607398291,17.103865
19.67120629075078,20.206957
15.291481606856275,15.816145
13.218781740676484,13.605348
17.520649028741893,18.645794
18.98534413949617,18.55581
18.80215266048134,18.75329
21.721184860479042,22.028206
16.830887109934473,17.141647
21.703954537830437,21.39646
15.176527648777425,14.774668
15.267392224840638,15.201501
19.282694114486343,20.408142
23.710676539154022,20.963564
20.39019741181385,20.32083
16.669261409254737,16.937695
16.177051903098416,17.15087
20.29575762047758,18.24131
16.612991928395893,17.293486
20.73931110896005,22.040646
17.29024354130586,18.101347
13.861653097088029,15.583242
18.450395691359063,18.67693
14.86612058445489,15.355663
21.165415832551417,21.736277
17.320529523184486,17.70039
24.56065709204455,23.212828
15.717787084440829,13.627366
16.483962892195326,18.662123
17.265650831136828,17.10375
19.286307255091423,18.93485
21.044178256954947,20.34251
14.037442930242767,14.0215
16.031564813606657,15.640132
18.911503886152364,19.61104
22.355735027633425,22.808887
21.53692752261091,21.021753
16.483512244212417,18.794468
17.84330111966282,18.158018
14.54395869674726,13.50687
17.63472272629826,17.804804
16.47436383642647,13.83017
19.44595792862344,18.67047
17.060856578748997,16.18707
21.27428533799893,21.375101
15.165226553227715,14.391081
13.931406025609462,12.922992
20.186236030921314,20.799078
21.718202849734865,20.955261
17.53755912549803,18.158615
17.278519584342362,18.207754
24.870882554429127,24.035929
24.745645244307667,24.080767
22.658264053184812,22.40961
23.599023219142982,23.239782
19.434270976210787,19.192781
21.04819620719141,21.078787
20.036498715923763,20.808928
18.88679689538856,18.021927
12.49691774805047,13.249711
23.982382902974628,23.020655
15.407498355389098,16.201832
25.240797791744793,23.41003
17.79316940301581,18.51791
20.688463090704694,22.082552
18.107687813405672,17.815893
23.58697956042287,24.540575
13.400333947494543,12.772039
15.891158793807701,17.388
17.296074834039967,17.035004
13.937886740638678,12.854966
13.45700595288484,15.013628
20.58194989333943,19.352476
22.46017612205259,22.449406
16.576333844137707,16.20392
20.547549588449062,20.102236
20.524670020759462,21.48875
13.242517175212255,12.812145
12.236686946712052,12.295358
21.839059312607347,22.29607
18.460326964005514,17.201366
15.523349477893637,15.815559
19.21035092812556,20.896717
21.91783550972085,21.866335
24.894418508781232,24.656536
18.2914920738297,17.968687
22.334468319362188,22.982414
23.42991337916379,21.524933
18.42760211908999,19.003849
17.820421086954042,18.748894
17.106982800683674,17.028578
15.101410977181027,14.518622
21.386137524710012,21.032686
24.67368325378308,23.757963
17.783428382277716,17.48204
20.438154077373206,21.723572
24.49854157853561,23.230177
12.313799126112784,12.908261
21.396226755171533,21.429213
19.234272933724494,19.020838
16.89071056742881,17.073208
20.43746375731641,19.59675
25.000109112200683,25.67152
17.058710246834668,17.254877
15.3470680105057,15.62231
24.35745299212954,23.199219
11.991048632412046,12.813239
19.055493787869235,18.446228
18.15417097579806,16.970594
17.63933084105091,18.866581
16.481359484798837,14.955859
13.583433681844898,13.856355
20.639030277803467,21.896654
26.19943543513235,25.794127
21.981419870115126,21.185633
21.46437399817376,21.262917
24.70414694456855,25.910763
22.962581993541733,22.096947
23.78101206779473,22.25776
21.382875697239648,20.78439
17.34822088092219,17.21719
20.40358077896557,21.10815
16.258007056021935,16.388578
17.98309448545722,18.334951
16.23679001004165,15.785416
15.916784292940777,15.199653
17.512819934706005,15.080799
14.64491300403089,15.701588
18.10675059995702,18.194138
18.266934201688986,19.356192
24.449276603445348,23.25237
20.148399185556155,19.313032
14.91545668822561,14.318484
20.86223166876575,20.36164
18.62996024031892,19.448288
15.631977913342219,16.10636
18.25270282113109,18.939611
20.66882649351693,19.827906
14.605973768273959,14.999188
20.638660890136883,22.02454
18.96838384887317,19.422552
10.305055590647449,11.427031
23.899019437470464,22.777306
12.155562561236296,13.9117155
24.94907803782664,24.290768
17.58534078447554,19.45011
14.90926895065321,15.408348
21.016885803667673,20.53047
15.960651416293974,15.469714
16.266474070565472,16.492193
12.375390750378752,11.280522
21.342641883489527,21.542128
22.212081168883852,20.623514
20.419228613212088,21.295065
26.302185405721318,25.459137
24.46846996011826,24.56192
23.373928144792057,21.964296
20.061875170038398,18.670343
15.329848733392696,16.744179
21.122118851606526,21.858315
15.016071173566198,14.877246
17.31303402139344,18.950525
19.844062576651112,19.236025
24.25256091215143,22.533295
24.702159356924728,24.012003
14.19283310283559,15.230031
24.84170016701051,24.303686
23.09631588531818,24.139977
17.395640534860252,15.683549
22.88400755539186,23.025389
12.341255630974047,12.190877
14.157070848410156,13.497041
24.56733122230185,23.918917
13.484941964515334,15.159361
23.884152370600823,23.094416
14.749048917341698,15.637387
13.10578550120819,14.828681
18.459392043472132,18.951843
20.53749680297205,18.766884
16.84930324386591,16.949938
17.98776242189152,16.891678
17.653884747429988,18.624146
20.458278293914045,20.413074
22.870280475197507,21.066183
20.953797145053898,20.002155
17.292659717751256,18.2543
14.356715908605784,14.342528
23.173693829347382,23.175505
21.991453454377563,21.599073
17.23017927024553,17.982002
19.56973970919867,19.60134
14.619714686040341,15.569466
24.14466353523871,23.89077
18.91823011041359,18.273804
20.261373072064313,19.405685
20.661861364734758,21.471401
27.463775915182286,26.479057
17.99963188053745,17.105736
20.681404480133963,20.18925
13.272480424235372,14.534455
13.896351493209712,14.183561
23.779940704653864,23.314075
16.930630690294947,17.051262
17.45612147451262,17.84381
11.66975415178646,12.581582
18.706570254861063,18.530577
14.811585864961502,12.653211
15.848164356466551,17.166834
21.13480097389471,20.085726
16.08020415785238,16.119768
20.550544376468284,21.322565
16.780289497785585,18.751123
15.676222891888989,17.018345
23.7744042598469,22.222437
21.278631403626697,22.131924
22.50062856435476,21.96656
17.71313368364101,16.137753
18.139310742893407,18.455107
24.367165484780735,25.779728
13.982670236658903,13.689167
16.61383854049351,16.593008
14.205160357942344,16.10646
19.708274586913895,18.271353
12.921676639892329,13.742647
15.623407039712784,14.988443
20.246771518331098,20.40962
17.19946007019261,16.728273
20.051472172654677,21.218586
14.637154539358995,15.43949
16.68864126219941,17.137844
16.71699976461862,16.371405
18.268220971483544,17.21897
20.24175880792321,18.151678
21.714535071756224,20.862043
12.333236086801078,11.695457
22.303375978505496,21.358038
13.18483123033895,13.391954
18.20361646692316,19.218145
17.20377742647277,15.61575
17.36064561030718,17.276917
16.476643371676136,17.395628
17.99216062488388,18.055996
21.639572005618266,23.386936
16.324658881371665,15.299332
23.97132847389295,24.381632
16.463326418295978,16.449774
9.580593787840993,10.9415455
17.03613827519793,15.137454
22.5566368063415,20.809368
17.62867657778397,18.902699
23.27620878666993,23.18397
23.346822387760053,21.555632
17.72288270741117,16.882565
20.970109289695895,20.426508
23.13141152104735,23.023956
20.405653342466355,20.472769
14.241745060033653,14.102241
23.654135169601133,24.047136
20.023502601852115,20.44632
22.724384137054216,22.866844
19.861931619401577,19.84257
18.571876484734492,18.64816
22.90650113610149,21.82147
17.24603473789005,16.051575
25.132688731111216,22.874414
22.157574484832768,22.524187
20.98410371032187,21.973993
16.65065814568759,16.37882
15.948585272926701,15.776224
19.93386825003468,20.506336
23.035774566339306,22.474192
16.652390994398125,16.70453
18.846769661361517,21.190638
16.47096444106773,17.858908
14.389158794000508,15.308487
25.305046041707932,24.737772
22.43852432427803,21.29746
21.01522837415797,22.798359
13.337657871493763,12.3164835
20.171312408030158,18.821129
21.560564265322043,20.229094
12.572659414936949,13.662588
16.507164439622102,16.909151
19.575087257829246,19.319841
16.99599138774915,15.610201
15.236275032536922,15.485667
14.3321421464944,14.4327545
20.598193589097225,20.457045
18.0829541031507,18.829113
22.42096011719431,22.43293
22.72194047265192,21.63921
23.55415959256811,23.660618
20.78268310322658,20.468834
24.792984750169904,23.131012
22.70329091064354,23.73261
26.065010416943583,24.403757
19.234141274724898,20.057024
22.23027297069764,21.196785
21.911984521874246,22.751978
20.239433990123416,21.016197
15.877251905797351,15.529973
16.846056831404802,15.189428
22.3156401134057,21.113916
16.762103474840995,16.55652
19.427137193999254,20.77336
18.722352857678388,18.904808
18.643431161561615,20.143948
26.38015456075626,23.866518
23.76761813060467,23.396824
22.611920846023065,22.558422
14.100616967547964,12.855163
17.945391742289576,17.186012
13.830659979190152,12.561201
18.38868650862291,18.710794
20.67767961784902,21.82589
23.01747674390536,21.958044
10.944300346938425,12.856857
20.700647192484926,19.87353
13.117003474973703,13.687967
18.856268750546285,19.693762
16.830461195038744,15.663077
18.315447251530287,19.797644
22.184462829603884,22.871788
20.92586751464047,20.304502
16.85389554563566,17.535374
23.75598050518649,23.836096
19.933477740452517,19.86428
15.377625817551696,15.85558
13.461874526639365,15.51656
19.35117586140156,20.582619
15.168707202555728,17.52526
20.38091809048321,20.974562
15.647672617891436,14.579342
24.685648985758398,23.478065
21.014713406321768,20.817987
22.196596770057774,22.315474
24.683018808179607,25.104921
17.07601982883044,16.967997
18.698393369920083,18.473303
18.5885187220511,17.711174
15.820041162865394,14.754084
21.19581343515349,22.610102
21.4357927985454,22.850965
15.045090315908535,15.446577
24.220551623056306,23.203289
18.857837300528534,18.078373
22.90105986220587,24.32706
19.383564208934686,19.738447
12.62828365407162,12.495414
23.29771727418205,23.720469
12.913331905918074,13.134519
18.66596269556962,19.309004
12.728538738842476,14.604708
18.881118325614324,18.892048
22.12180519477013,22.62227
19.125525418875966,20.710365
11.591973229580715,13.005262
15.960837199341878,16.232252
15.762228962949292,14.633545
12.843458273795598,12.488177
16.036299677479978,15.236884
22.2191688054456,21.553516
17.326701388578392,16.45005
17.826532127468987,18.96098
17.39637898686283,17.256691
12.013980609900988,12.443648
12.775629160475424,13.829363
19.02896221334794,19.272314
22.50719884672005,23.126564
15.40519564876205,16.75597
15.089990398990823,14.966528
22.20257780425295,22.218706
14.215640107568879,14.132968
21.600326500125938,20.357506
17.273259150275933,16.675694
16.46956708223452,16.321854
16.294115410085453,16.919195
21.45994824210255,19.351175
21.08607376367371,20.965628
18.76922267045434,21.235392
23.068635043175753,21.920473
16.52350666430998,16.101967
18.62083130647992,18.517208
14.339695604972052,12.121081
14.56841698568019,15.810973
22.20760167644261,22.789436
14.58285490359082,13.848117
18.737749308847143,19.737953
17.09773730398336,15.8960705
15.993885785719613,15.286136
16.908045908230687,17.522764
13.222665085170439,14.499091
12.016163349517129,13.78434
12.907964055231327,13.111405
12.552756089810103,13.111211
17.220941252677008,18.875986
13.812700581216745,12.99034
15.362635744636789,14.879108
17.811750711186424,17.440182
15.824252340522248,15.387471
20.74604818744848,20.57403
21.5028278570062,22.211111
21.410829448451835,20.638327
17.390265266486473,18.386854
24.279004893039335,25.317732
21.95229695853523,23.112198
12.878286502387853,12.621991
22.17753254762314,22.417583
18.752697248935796,16.869171
19.619928053310964,18.03513
12.345959128696556,13.140028
26.786807172326693,24.700834
19.473745599307687,18.64831
17.06691151730828,18.103226
16.30053068666907,16.699257
17.565146229284668,17.461218
17.022786638054843,15.581668
20.644356772702157,20.543417
18.560112897822304,18.47233
21.684479250116002,21.674355
20.40242500009129,19.601065
21.843183914304582,20.645187
22.265995781909346,22.198978
23.341534442595222,23.473248
22.69947244872263,23.291096
23.0177697907466,21.997467
18.56964675065061,18.323387
17.17779191964981,18.574112
12.093956110878937,12.727271
19.994702486299744,20.080664
26.37821484491478,24.720621
24.894625041497672,24.303204
18.478827263879936,19.838821
17.54974900394432,15.727223
21.411819945200055,20.546812
21.688831160835413,22.26862
17.942837559895093,18.548899
17.799012062604103,17.875038
21.111903771546434,21.12406
22.250931842823007,22.315552
12.687637914451072,13.452599
18.086212392411174,18.347408
19.63948207417185,20.303005
14.49184394685412,14.847207
21.56045230855568,21.169867
12.655028931326434,11.85416
13.949376729508932,15.702807
19.53886971415018,18.465698
21.014243274635348,20.655092
18.04700229298081,17.517462
14.2643660084611,15.206418
18.915271856213643,19.727455
15.579016035240564,16.238234
21.26272228170045,22.054972
18.958404384740263,17.636108
21.261189021139025,20.15271
17.581251991772092,16.812057
20.033246123417275,19.163671
22.456892505175965,21.564054
15.646475886764012,15.688519
12.77159105452322,14.650822
22.807042146796945,23.227348
16.001446123109694,15.678117
17.855632774158078,17.034979
17.91266480305127,18.742956
15.22921146665252,14.355622
15.94947145600816,16.114145
23.469952685685577,22.480696
16.942683602128206,17.462803
19.487643101103792,19.751444
19.510850481459702,17.86158
21.738712208620107,22.408113
22.110039805584233,22.295912
20.786949910546113,21.775469
22.176460684026903,22.624702
21.864694144192686,21.230263
17.96852768796213,17.121078
19.931678187486053,19.793758
17.042599208904882,18.784006
13.680881427604955,13.298947
17.147315406691554,17.169102
21.9738238594757,21.278795
19.017684355152934,19.52064
18.951755040989436,18.36433
22.420761973553677,22.9399
16.423889991733333,17.416069
21.567775917154066,21.506216
17.160281126136205,16.155941
19.003511026638275,18.79893
14.317953238833308,12.700336
17.685299247860378,17.483238
22.150553346011048,22.96355
10.93813525572207,12.491661
18.17241045788807,17.310595
15.37619984691192,15.75198
13.675491931030216,15.141002
13.656226881358839,15.423503
16.394993837915592,16.367527
21.911365363122165,21.157797
24.550039530240504,23.17426
11.887308826675286,12.265492
14.309400218242585,13.793393
20.766044552291397,21.349783
17.38147298352163,16.565275
23.007923191638113,23.521385
17.727653419563854,16.856647
16.802041162953973,15.538232
20.821665758884503,20.775833
17.681071434873605,19.668434
12.361997169496094,12.881678
12.489816408756097,11.986557
19.616248002743937,19.038088
12.750723129994407,11.708073
18.962072178138943,21.519924
14.192164839504652,13.625441
18.769722576627412,19.855639
14.899570310928244,15.056319
22.275901608961657,21.646374
17.824619886004907,16.482168
11.317194162031306,11.747377
13.536090313017057,12.701352
22.522041531449563,22.59521
13.935721884076514,13.589954
22.58437080908017,22.727356
19.688438241731653,20.48793
18.081932635237173,17.275177
19.95578057665026,19.678835
14.50696805609597,15.190016
15.176435728706256,16.523035
23.570059315935236,23.574575
20.749352309095332,20.234661
18.41324243717305,18.189974
24.645268077740244,24.419165
16.562715561384483,16.398422
17.448079333108314,17.854929
15.483035415153582,15.766008
13.800106396415288,13.796817
11.781697665759507,12.821359
14.506594372756412,13.94991
18.59036189251814,18.441238
18.422865644818977,18.984432
14.742867016412099,14.311447
21.845307545290403,21.129
13.061602240973148,13.621241
17.3162980553129,17.71512
19.79759414595929,20.268393
22.776211371885623,22.82815
15.044740094477708,15.0393915
12.833478251155539,11.983826
14.989278552850967,17.609087
21.819141000126915,21.647774
15.944935854728278,14.757083
18.26607654322297,17.267147
13.498139596980142,14.100829
17.11584013399825,16.807417
21.65809911944568,22.654663
15.609878025777737,15.19664
15.304210264238863,14.556075
13.79780990171472,16.014019
19.407285160804935,19.460833
19.13574610131257,18.252035
19.978194904712137,19.398561
15.915808212774941,15.353929
13.67599673744388,13.19513
17.634831724202275,18.893608
18.991217339821123,18.328747
10.889475508776714,11.815819
19.16179569478302,20.364895
19.127664491142106,20.901432
15.098734958965958,16.591364
20.766973959479046,19.665157
15.95014748932782,15.848133
22.61740714096261,22.131975
14.680031786441836,14.115446
12.562254810329488,12.350313
19.76431756348546,18.749725
20.907332333055237,20.186575
11.784457671857936,11.673109
20.272611185749728,19.617746
18.37472739230357,18.843807
14.784529699085866,15.111999
22.158821551723214,21.95347
18.214818333311538,17.744583
16.919607303224296,17.84906
17.156113223058227,15.54882
17.44335940829089,17.270351
23.265417155171253,21.552649
21.841844281376254,22.599932
25.436979552616165,24.9343
19.695086391799734,17.554327
13.868598276732577,14.945145
21.964104862041932,21.068163
17.153160382181827,17.73954
17.804464194211658,18.628443
18.923031255076808,17.257942
22.714936407109896,21.061106
21.294731239258404,21.134542
18.667376243007794,19.245302
13.992640685149262,16.480051
21.900494680703243,23.030825
19.432688193845667,20.92225
25.75252063125062,23.965595
20.120748033076442,17.965424
20.48841958154961,20.396763
18.163879716645695,18.11424
16.420833941864206,15.197402
18.794131305393492,18.64131
21.51926645352142,20.311403
15.507201017189345,15.162773
20.449995943259093,20.839252
16.964944065482648,18.22435
19.25406568012717,21.296343
14.252927522447198,12.560023
13.645887133108966,14.114098
19.020312452570966,19.023401
27.143822367228363,26.372684
13.361173064750515,12.637254
23.539017858086734,23.198093
16.376256039362495,15.219168
22.793708131282283,22.329147
17.73412234141886,17.613462
18.81648512355391,17.819553
20.029700533479502,19.161339
17.118436001548687,15.819779
15.679883990732224,16.839455
15.180590442457943,14.489263
13.988563990236806,12.923527
22.921909676078744,22.510023
20.288983769899055,21.015543
20.95701766817382,19.817787
21.894959130250452,22.710623
16.85961992249042,16.563179
23.016792968286904,25.261448
26.352323171767246,24.950464
15.36290430205129,16.74475
16.07850700483017,15.350582
15.183638540549568,14.533827
22.19297607432031,22.635612
18.32785319150642,20.625572
17.91245920140286,17.782639
24.66332315124442,24.23293
27.12660502551464,25.97252
20.98685107185901,21.422688
15.964766489715537,15.295506
19.127695501553642,18.52419
13.27874834511153,13.51071
19.29857019595501,20.743088
18.330840166559074,17.583652
15.47208026184587,15.704988
20.695497772301103,20.84122
18.414960140676627,17.163229
19.01392818521194,18.116158
18.56794071077294,19.281826
22.922405581624606,23.10599
19.281921928613148,18.769941
12.737876065273516,13.473926
18.746697462656098,17.679634
11.6503471103085,12.0796585
18.146169169218773,18.68037
16.48272161936825,14.93193
19.45601006189667,18.310242
20.538513542595396,21.57726
22.153495902642582,20.280998
10.979032990336046,13.564659
19.02929029159497,18.726982
13.926112322605997,15.4333315
21.007166584063395,19.883747
19.41915952142526,19.707829
18.669243774684702,19.170769
15.22252726105567,16.462978
25.892193937707546,22.682209
19.180898754614102,20.061337
15.07840926756515,17.17267
19.404136944404623,18.96356
18.90831063505978,19.350399
15.508336545931787,15.847643
16.721465193633897,17.020813
24.68038581146031,23.48719
13.472464588653994,14.228381
12.991198754717148,13.426499
15.658645830798017,17.290663
18.490912653638002,17.0661
17.222543009091883,18.660688
20.785899017264477,21.959002
12.289752181091147,12.209414
18.101687346146473,17.682205
23.61469920526202,22.742414
19.45685982332822,19.095558
22.832291768827957,21.11108
16.160737566753244,17.493818
18.28998690378312,17.115189
15.588063308370408,16.460917
10.643438812247103,11.516695
19.557103006100853,18.4614
22.420655618865027,22.026964
15.278348151078479,16.541151
17.910772983540703,15.891648
24.47722594892044,21.844631
19.182895466223574,18.411417
14.964954921726868,16.244837
14.182140566975079,15.183083
20.754530334992975,20.56243
23.965823520350728,22.446075
16.90382408248526,19.07593
19.889625348853556,20.079268
17.175346202471694,16.552956
15.98949124469232,14.938152
24.888931507089552,23.954517
15.90841119560009,14.685428
19.978263851484,21.343115
19.22348006919255,20.040052
15.283749893171544,14.807401
20.247732283115017,21.22457
22.057923902617222,22.413908
17.32118079561999,16.017212
18.223703430538706,19.45008
22.302736079641644,22.755804
13.208455439195264,14.398189
